,Ameno Acid Chain,DB:ID,Source,Identities,Positives
0,QDTSNSSIFCRLLTVSSVLQPIISTSRFRPGVTER,SP:Q6CLP9,DNA mismatch repair protein HSM3 OS=Kluyveromyces lactis (strain ATCC 8585 / CBS 2359 / DSM 70799 / NBRC 1267 / NRRL Y-1140 / WM37) OX=284590 GN=HSM3 PE=3 SV=1,31.0,53.0
1,DGEPCPWFQRENTRPTQFACFTGSRRARTWLWRLRGGGLIRGTSTS,,,,
2,TALCVHQTFGCSNCTSWSCYG,SP:Q54C32,Protein psiQ OS=Dictyostelium discoideum OX=44689 GN=psiQ PE=3 SV=1,50.0,67.0
3,DTWCPCPSCGRNTSGLPQGSSS,SP:Q9P2G1,Ankyrin repeat and IBR domain-containing protein 1 OS=Homo sapiens OX=9606 GN=ANKIB1 PE=1 SV=3,45.0,55.0
4,HLQWGMSKFCISLKFHNQDYSTKG,,,,
5,RDRHYFGIFFCFHKCFCGNCERFGL,SP:Q9USK2,Histone-lysine N-methyltransferase set9 OS=Schizosaccharomyces pombe (strain 972 / ATCC 24843) OX=284812 GN=set9 PE=1 SV=1,45.0,68.0
6,TEINTESSLCICIRGCSCCTINFLPHS,,,,
7,NCSKFCACFTEGRYNNTRWNFTVFTETH,SP:Q8IWU6,Extracellular sulfatase Sulf-1 OS=Homo sapiens OX=9606 GN=SULF1 PE=1 SV=1,43.0,46.0
8,QSSCNGLHYRWCCSVDFAVAN,,,,
9,IQRRNWPTHASKSPKRNYLLRGRNTSHRSVNRGSCLENW,SP:Q8B119,Pre-glycoprotein polyprotein GP complex OS=Pirital mammarenavirus (isolate Rat/Venezuela/VAV-488/1995) OX=49891 GN=GPC PE=3 SV=1,29.0,37.0
10,YDGNKQYLHTQRRCTNKGYFW,SP:P25364,Forkhead transcription factor HCM1 OS=Saccharomyces cerevisiae (strain ATCC 204508 / S288c) OX=559292 GN=HCM1 PE=1 SV=3,39.0,67.0
11,PYTFFKSLCRYCSHKCLLSCL,SP:Q626H5,Plexin-2 OS=Caenorhabditis briggsae OX=6238 GN=plx-2 PE=3 SV=1,67.0,83.0
12,NASESFEKSANRQLYNHLPGSGFKWLHCRGGKDSA,SP:A9KTJ1,"1,4-alpha-glucan branching enzyme GlgB OS=Shewanella baltica (strain OS195) OX=399599 GN=glgB PE=3 SV=1",40.0,50.0
13,EARNSWNCFLEFARNACTCRRNTQINACLCGN,SP:P15306,Thrombomodulin OS=Mus musculus OX=10090 GN=Thbd PE=1 SV=1,40.0,50.0
14,NSCYNATWLCNTWLKFGRSCSVYEISQSASYSFCFFT,SP:Q6NKW9,"Glucan endo-1,3-beta-glucosidase 8 OS=Arabidopsis thaliana OX=3702 GN=At1g64760 PE=2 SV=2",36.0,56.0
15,PPHASCGHVNDIWTTVWSNLFGWS,SP:B9VXM8,DNA primase OS=Human cytomegalovirus (strain Towne) OX=10363 GN=UL70 PE=1 SV=1,42.0,74.0
16,RNNELLVSTCQFRFLQKSLERGV,,,,
17,TSYKISSTTGVTFCYDVSTTCSV,SP:Q40251,"Violaxanthin de-epoxidase, chloroplastic OS=Lactuca sativa OX=4236 GN=VDE1 PE=1 SV=1",48.0,61.0
18,RNFVLHRRCFTYKVLRIQRSYYGCFLQRKQLHNNHKTSYL,SP:Q9E6N0,Virion host shutoff protein OS=Gallid herpesvirus 2 (strain Chicken/Md5/ATCC VR-987) OX=10389 GN=MDV054 PE=3 SV=1,39.0,58.0
19,TDKYYNLVFTIKCLPRFFNLLNRCFRCFNV,SP:Q5R574,Methylsterol monooxygenase 1 OS=Pongo abelii OX=9601 GN=MSMO1 PE=2 SV=1,40.0,72.0
20,WFRFFRHLSFFRNYTNYHFIF,,,,
21,VFLCTWIGCNHAIVFQLFCSTFY,,,,
22,NVHLLCIILLCMEKLCACCRRL,SP:O94644,Restriction of telomere capping protein 5 OS=Schizosaccharomyces pombe (strain 972 / ATCC 24843) OX=284812 GN=rtc5 PE=3 SV=1,53.0,87.0
23,RIICKISVCLLQSAYVSTYTVTRSGISV,SP:A0A024RXP8,Exoglucanase 1 OS=Hypocrea jecorina (strain ATCC 56765 / BCRC 32924 / NRRL 11460 / Rut C-30) OX=1344414 GN=cbh1 PE=1 SV=1,52.0,64.0
24,TCKECVLRQCLIYFYFSSSARVC,,,,
25,SYTCVPFCCCYFLFNNTCSCHV,,,,
26,QSLPIDCCSHNKRSGFCRAWFAWHDITHN,SP:Q9BPC0,Conotoxin TsMEKL-03 (Fragment) OS=Conus tessulatus OX=101317 PE=2 SV=1,53.0,63.0
27,YVYTTNSTYWCFGHISIYSSWWYCSYRSNMPCLLFYEV,,,,
28,YFTIPYVIHCTLFNTSLLILTWCLFCYLLVLDILSY,SP:Q71MY2,NADH-ubiquinone oxidoreductase chain 2 OS=Oryzorictes talpoides OX=94435 GN=MT-ND2 PE=3 SV=1,45.0,61.0
29,CFFFSTYSVDGYVHTFSTFLDNNCLYHLYFHKAFLLVL,SP:Q6EW03,"NAD(P)H-quinone oxidoreductase subunit 5, chloroplastic OS=Nymphaea alba OX=34301 GN=ndhF PE=3 SV=1",42.0,58.0
30,VCSHSTRTDFFSVSLLQWFTIWCLPMCYEAQFHY,SP:Q89AA7,Protoheme IX farnesyltransferase OS=Buchnera aphidicola subsp. Baizongia pistaciae (strain Bp) OX=224915 GN=cyoE PE=3 SV=1,41.0,59.0
31,LCLFLLHAPYGITNWSSCWHRLRR,,,,
32,CFSLVVRCCYKWRQVVSQSIYHNS,,,,
33,HTRTSFCSNWNCRFRYVCFIKRITAKWYEWTYHIG,,,,
34,TMLRCYFPKCSEKNNQGYTPLVVTHNFDFTFSFSPEYSMVFVLFFV,SP:Q50361,Uncharacterized protein MG316 homolog OS=Mycoplasma pneumoniae (strain ATCC 29342 / M129) OX=272634 GN=MPN_451 PE=4 SV=1,40.0,50.0
35,KCLFTFCYGYYCYVCFCNDVCQT,SP:Q2EEM0,Putative uncharacterized protein C27E2.12 OS=Schizosaccharomyces pombe (strain 972 / ATCC 24843) OX=284812 GN=SPAC27E2.12 PE=4 SV=1,45.0,65.0
36,AKRLCYVCISCSVTNPYDSKNCV,SP:Q8U0V6,50S ribosomal protein L40e OS=Pyrococcus furiosus (strain ATCC 43587 / DSM 3638 / JCM 8422 / Vc1) OX=186497 GN=rpl40e PE=1 SV=1,53.0,71.0
37,YTSVYNASLLFLRLFLYLLLWPLLFTQPLL,SP:P04017,Probable protein E5A OS=Human papillomavirus type 11 OX=10580 PE=3 SV=1,62.0,65.0
38,NVRCKVHISSLTLSFATTQSRIII,,,,
39,KNGFTTFCFAFHAGCCRHKQAL,,,,
40,CTQQHYQQCKRWLCSLEHNTSYNSSQTNGCHTRL,SP:O94613,NADPH-dependent diflavin oxidoreductase 1 OS=Schizosaccharomyces pombe (strain 972 / ATCC 24843) OX=284812 GN=tah18 PE=3 SV=2,60.0,73.0
41,CNRSACQFNCIIFLCFCCRCC,SP:Q9NSI5,Immunoglobulin superfamily member 5 OS=Homo sapiens OX=9606 GN=IGSF5 PE=2 SV=2,53.0,53.0
42,DVVYTHWYWSGNNSYTGSQYGSRILWWCIVLSVLPLPHRSSKS,SP:Q39982,Beta-carotene ketolase OS=Haematococcus lacustris OX=44745 PE=2 SV=1,32.0,55.0
43,CTIVFKRVCGVSAARLTPCGTGTSTDVVYRAFDIYNDKVAGFAKFLKTNCCRFQEKDEDDNLIDSYFVVKRHTFSNYQHEETIYNLLKDCPAVAKHDFFKFRIDGDMVPHISRQRLTKYTMADLVYALRHFDEGNCDTLKEILVTYNCCDDDYFNKKDWYDFVENPDILRVYANLGERVRQALLKTVQFCDAMRNAGIVGVLTLDNQDLNGNWYDFGDFIQTTPGSGVPVVDSYYSLLMPILTLTRALTAESHVDTDLTKPYIKWDLLKYDFTEERLKLFDRYFKYWDQTYHPNCVNCLDDRCILHCANFNVLFSTVFPPTSFGPLVRKIFVDGVPFVVSTGYHFRELGVVHNQDVNLHSSRLSFKELLVYAADPAMHAASGNLLLDKRTTCFSVAALTNNVAFQTVKPGNFNKDFYDFAVSKGFFKEGSSVELKHFFFAQDGNAAISDYDYYRYNLPTMCDIRQLLFVVEVVDKYFDCYDGGCINANQVIVNNLDKSAGFPFNKWGKARLYYDSMSYEDQDALFAYTKRNVIPTITQMNLKYAISAKNRARTVAGVSICSTMTNRQFHQKLLKSIAATRGATVVIGTSKFYGGWHNMLKTVYSDVENPHLMGWDYPKCDRAMPNMLRIMASLVLARKHTTCCSLSHRFYRLANECAQVLSEMVMCGGSLYVKPGGTSSGDATTAYANSVFNICQAVTANVNALLSTDGNKIADKYVRNLQHRLYECLYRNRDVDTDFVNEFYAYLRKHFSMMILSDDAVVCFNSTYASQGLVASIKNFKSVLYYQNNVFMSEAKCWTETDLTKGPHEFCSQHTMLVKQGDDYVYLPYPDPSRILGAGCFVDDIVKTDGTLMIERFVSLAIDAYPLTKHPNQEYADVFHLYLQYIRKLHDELTGHMLDMYSVMLTNDNTSRYWEPEFYEAMYTPHTVLQAVGACVLCNSQTSLRCGACIRRPFLCCKCCYDHVISTSHKLVLSVNPYVCNAPGCDVTDVTQLYLGGMSYYCKSHKPPISFPLCANGQVFGLYKNTCVGSDNVTDFNAIATCDWTNAGDYILANTCTERLKLFAAETLKATEETFKLSYGIATVREVLSDRELHLSWEVGKPRPPLNRNYVFTGYRVTKNSKVQIGEYTFEKGDYGDAVVYRGTTTYKLNVGDYFVLTSHTVMPLSAPTLVPQEHYVRITGLYPTLNISDEFSSNVANYQKVGMQKYSTLQGPPGTGKSHFAIGLALYYPSARIVYTACSHAAVDALCEKALKYLPIDKCSRIIPARARVECFDKFKVNSTLEQYVFCTVNALPETTADIVVFDEISMATNYDLSVVNARLRAKHYVYIGDPAQLPAPRTLLTKGTLEPEYFNSVCRLMKTIGPDMFLGTCRRCPAEIVDTVSALVYDNKLKAHKDKSAQCFKMFYKGVITHDVSSAINRPQIGVVREFLTRNPAWRKAVFISPYNSQNAVASKILGLPTQTVDSSQGSEYDYVIFTQTTETAHSCNVNRFNVAITRAKVGILCIMSDRDLYDKLQFTSLEIPRRNVATLQAENVTGLFKDCSKVITGLHPTQAPTHLSVDTKFKTEGLCVDIPGIPKDMTYRRLISMMGFKMNYQVNGYPNMFITREEAIRHVRAWIGFDVEGCHATREAVGTNLPLQLGFSTGVNLVAVPTGYVDTPNNTDFSRVSAKPPPGDQFKHLIPLMYKGLPWNVVRIKIVQMLSDTLKNLSDRVVFVLWAHGFELTSMKYFVKIGPERTCCLCDRRATCFSTASDTYACWHHSIGFDYVYNPFMIDVQQWGFTGNLQSNHDLYCQVHGNAHVASCDAIMTRCLAVHECFVKRVDWTIEYPIIGDELKINAACRKVQHMVVKAALLADKFPVLHDIGNPKAIKCVPQADVEWKFYDAQPCSDKAYKIEELFYSYATHSDKFTDGVCLFWNCNVDRYPANSIVCRFDTRVLSNLNLPGCDGGSLYVNKHAFHTPAFDKSAFVNLKQLPFFYYSDSPCESHGKQVVSDIDYVPLKSATCITRCNLGGAVCRHHANEYRLYLDAYNMMISAGFSLWVYKQFDTYNLWNTFTRLQSLENVAFNVVNKGHFDGQQGEVPVSIINNTVYTKVDGVDVELFENKTTLPVNVAFELWAKRNIKPVPEVKILNNLGVDIAANTVIWDYKRDAPAHISTIGVCSMTDIAKKPTETICAPLTVFFDGRVDGQVDLFRNARNGVLITEGSVKGLQPSVGPKQASLNGVTLIGEAVKTQFNYYKKVDGVVQQLPETYFTQSRNLQEFKPRSQMEIDFLELAMDEFIERYKLEGYAFEHIVYGDFSHSQLGGLHLLIGLAKRFKESPFELEDFIPMDSTVKNYFITDAQTGSSKCVCSVIDLLLDDFVEIIKSQDLSVVSKVVKVTIDYTEISFMLWCKDGHVETFYPKLQSSQAWQPGVAMPNLYKMQRMLLEKCDLQNYGDSATLPKGIMMNVAKYTQLCQYLNTLTLAVPYNMRVIHFGAGSDKGVAPGTAVLRQWLPTGTLLVDSDLNDFVSDADSTLIGDCATVHTANKWDLIISDMYDPKTKNVTKENDSKEGFFTYICGFIQQKLALGGSVAIKITEHSWNADLYKLMGHFAWWTAFVTNVNASSSEAFLIGCNYLGKPREQIDGYVMHANYIFWRNTNPIQLSSYSLFDMSKFPLKLRGTAVMSLKEGQINDMILSLLSKGRLIIRENNRVVISSDVLVNN,SP:P0DTD1,Replicase polyprotein 1ab OS=Severe acute respiratory syndrome coronavirus 2 OX=2697049 GN=rep PE=1 SV=1,100.0,100.0
44,QSFQILSFTFNSGLVLTFLFQCYLVPCYTCLWDQWY,SP:Q8HY12,C-type lectin domain family 4 member M OS=Hylobates lar OX=9580 GN=CLEC4M PE=3 SV=1,48.0,70.0
45,HNKRLDFWYYFRFEDPVPTYC,SP:P11325,"Leucine--tRNA ligase, mitochondrial OS=Saccharomyces cerevisiae (strain ATCC 204508 / S288c) OX=559292 GN=NAM2 PE=1 SV=1",75.0,75.0
46,PSLRNKVYVEILHCRKRNLSNF,,,,
47,LHRSPCCYSCRSTYSYLACLFYRF,,,,
48,CYHRNSTSVYDQDISRLYNVHLW,SP:Q06SH2,Uncharacterized membrane protein ycf78 OS=Stigeoclonium helveticum OX=55999 GN=ycf78 PE=3 SV=1,55.0,68.0
49,MQQSFVAIWQFLYTIKPCFNWNSC,SP:P09241,Rhodopsin OS=Enteroctopus dofleini OX=267067 GN=RHO PE=2 SV=1,37.0,68.0
50,TRQKHPRSFCTSQTNLQNTTN,SP:Q9UL62,Short transient receptor potential channel 5 OS=Homo sapiens OX=9606 GN=TRPC5 PE=1 SV=1,71.0,79.0
51,NDCSIHFCTVSGYNHFWLDLWCRCCITNTICYANGL,SP:Q9FJ73,Probable long-chain-alcohol O-fatty-acyltransferase 2 OS=Arabidopsis thaliana OX=3702 GN=AT2 PE=3 SV=1,53.0,73.0
52,CYWQNSRLTFFHSKCTWKTSRCGQPKCTSFKHAC,SP:Q95116,Thrombospondin-2 OS=Bos taurus OX=9913 GN=THBS2 PE=2 SV=2,38.0,44.0
53,FLWKGLSSYVLPSVSTSWCSLLACDLCPCTRKELHNCSCHLS,SP:P80321,Bowman-Birk type proteinase inhibitor OS=Medicago scutellata OX=36901 PE=1 SV=2,56.0,56.0
54,AVYKMAMVHLARFYSWLDCHSNGDNYALLYDQLL,,,,
55,ASAQRSQITLHINELMDLFMRIFTIGTVTLKQGEIKDATPSDFVRATATIPIQASLPFGWLIVGVALLAVFQSASKIITLKKRWQLALSKGVHFVCNLLLLFVTVYSHLLLVAAGLEAPFLYLYALVYFLQSINFVRIIMRLWLCWKCRSKNPLLYDANYFLCWHTNCYDYCIPYNSVTSSIVITSGDGTTSPISEHDYQIGGYTEKWESGVKDCVVLHSYFTSDYYQLYSTQLSTDTGVEHVTFFIYNKIVDEPEEHVQIHTIDGSSGVVNPVMEPIYDEPTTTTSVPL,SP:P0DTC3,ORF3a protein OS=Severe acute respiratory syndrome coronavirus 2 OX=2697049 GN=3a PE=1 SV=1,100.0,100.0
56,AQADEYELMYSFVSEETGTLIVNSVLLFLAFVVFLLVTLAILTALRLCAYCCNIVNVSLVKPSFYVYSRVKNLNSSRVPDLLV,SP:P0DTC4,Envelope small membrane protein OS=Severe acute respiratory syndrome coronavirus 2 OX=2697049 GN=E PE=3 SV=1,100.0,100.0
57,PWQIPTVLLPLKSLKSSLNNGT,,,,
58,VSYSLHGFVFYNLPMPTGIGFCI,SP:Q0A706,Peptide methionine sulfoxide reductase MsrB OS=Alkalilimnicola ehrlichii (strain ATCC BAA-1101 / DSM 17681 / MLHE-1) OX=187272 GN=msrB PE=3 SV=1,59.0,76.0
59,CGSATSLLLSDCLRVRVPCGHSIQKLTFFSTCHSMALF,SP:Q9D2D7,Zinc finger protein 687 OS=Mus musculus OX=10090 GN=Znf687 PE=1 SV=1,36.0,49.0
60,DAVTSRTCLKKSLLLHHERFLITNWELRSV,SP:Q92901,60S ribosomal protein L3-like OS=Homo sapiens OX=9606 GN=RPL3L PE=2 SV=3,50.0,73.0
61,QQMFHLVDFQVTIAEILLIIMRTFKVSIWNLDYIINLIIKNLSKSLTENKYSQLDEEQPMEID,SP:P0DTC6,ORF6 protein OS=Severe acute respiratory syndrome coronavirus 2 OX=2697049 GN=6 PE=3 SV=1,100.0,100.0
62,TNMKIILFLALITLATCELYHYQECVRGTTVLLKEPCSSGTYEGNSPFHPLADNKFALTCFSTQFAFACPDGVKHVYQLRARSVSPKLFIRQEEVQELYSPIFLIVAAIVFITLCFTLKRKTE,SP:P0DTC7,ORF7a protein OS=Severe acute respiratory syndrome coronavirus 2 OX=2697049 GN=7a PE=1 SV=1,100.0,100.0
63,LCLLSFGSHLNCKIIMKLVTPKRT,,,,
64,LNCAWMRLVLNHPFSTSISVIIQFPVYLLQLIARNLNWVVL,SP:Q6H5L4,Probable trehalose-phosphate phosphatase 7 OS=Oryza sativa subsp. japonica OX=39947 GN=TPP7 PE=2 SV=2,35.0,55.0
65,WTPKSAKCTPHYVWWTLRFNWQ,,,,
66,NERSQSKMVFLLPRNWARSWTSLWC,SP:O48538,Respiratory burst oxidase homolog protein F OS=Arabidopsis thaliana OX=3702 GN=RBOHF PE=1 SV=1,43.0,57.0
67,QCCNRATTSSRNNIAKRLLRRREQRRQSSLFSFLIT,SP:Q6FWW3,Zinc-regulated protein 8 OS=Candida glabrata (strain ATCC 2001 / CBS 138 / JCM 3761 / NBRC 0622 / NRRL Y-65) OX=284593 GN=ZRG8 PE=3 SV=1,43.0,60.0
68,SIQCNTSFRQTWSRTNPRKFWGPGTNQTRN,SP:F5HF47,Packaging protein UL32 homolog OS=Human herpesvirus 8 type P (isolate GK18) OX=868565 GN=ORF68 PE=3 SV=1,39.0,61.0
69,LQTLAANCTICPQRFSVLRNVAHWHGSHTFGNVVDLHRCHQIG,SP:B5DE73,Aspartate beta-hydroxylase domain-containing protein 2 OS=Xenopus tropicalis OX=8364 GN=asphd2 PE=2 SV=1,37.0,67.0
70,NSSLTAETEETANCDSSSCCRFG,SP:P38530,Heat shock factor protein 2 OS=Gallus gallus OX=9031 GN=HSF2 PE=2 SV=1,48.0,62.0
71,LNSGLNSCRPHKADGLYKRFRFSVYDI,,,,
72,KSHHIFTEATRSTIECTVNNARESCLYGRALMCKINFSSAIPM,SP:P75497,Ribonuclease J OS=Mycoplasma pneumoniae (strain ATCC 29342 / M129) OX=272634 GN=rnj PE=3 SV=1,43.0,61.0
